{
 "product_top15": [
  [
   "ĐỒ HỘP HẠ LONG",
   302
  ],
  [
   "Đồ hộp Hạ Long",
   275
  ],
  [
   "đồ hộp Hạ Long",
   89
  ],
  [
   "patê CỘT ĐÈN HẢI PHÒNG",
   63
  ],
  [
   "Pate Cột Đèn Hải Phòng",
   54
  ],
  [
   "NAN",
   52
  ],
  [
   "sữa NAN",
   52
  ],
  [
   "pate cột đèn",
   45
  ],
  [
   "Nestlé NAN",
   43
  ],
  [
   "Sữa Nestle",
   41
  ],
  [
   "Nestlé",
   35
  ],
  [
   "Highlands Coffee",
   30
  ],
  [
   "HIGHLANDS COFFEE",
   30
  ],
  [
   "sữa Nestle",
   29
  ],
  [
   "HALONG CANFOCO Patê Cột Đèn Hải Phòng",
   28
  ]
 ],
 "product_nonempty_total": 2899,
 "product_distinct": 495,
 "empty": {
  "product": 0.4073998364677024,
  "ocr": 0.20175797219950942,
  "both": 0.19603434178250204
 },
 "ocr_len": {
  "counts": [
   1229,
   307,
   246,
   163,
   194,
   164,
   196,
   161,
   154,
   203,
   210,
   197,
   188,
   129,
   112,
   124,
   104,
   89,
   84,
   31,
   45,
   60,
   48,
   31,
   29,
   35,
   25,
   34,
   7,
   14,
   19,
   8,
   20,
   14,
   0,
   3,
   4,
   7,
   7,
   2,
   1,
   0,
   6,
   2,
   9,
   7,
   0,
   37,
   133,
   0
  ],
  "edges": [
   0.0,
   10.4,
   20.8,
   31.200000000000003,
   41.6,
   52.0,
   62.400000000000006,
   72.8,
   83.2,
   93.60000000000001,
   104.0,
   114.4,
   124.80000000000001,
   135.20000000000002,
   145.6,
   156.0,
   166.4,
   176.8,
   187.20000000000002,
   197.6,
   208.0,
   218.4,
   228.8,
   239.20000000000002,
   249.60000000000002,
   260.0,
   270.40000000000003,
   280.8,
   291.2,
   301.6,
   312.0,
   322.40000000000003,
   332.8,
   343.2,
   353.6,
   364.0,
   374.40000000000003,
   384.8,
   395.2,
   405.6,
   416.0,
   426.40000000000003,
   436.8,
   447.2,
   457.6,
   468.0,
   478.40000000000003,
   488.8,
   499.20000000000005,
   509.6,
   520.0
  ],
  "mean": 99.25449713818479,
  "median": 70.0
 },
 "diac": {
  "counts": [
   504,
   37,
   36,
   49,
   49,
   90,
   115,
   81,
   209,
   187,
   385,
   388,
   440,
   435,
   354,
   229,
   144,
   93,
   39,
   10,
   13,
   3,
   3,
   1,
   1,
   3,
   3,
   1,
   0,
   0,
   3,
   0,
   0,
   0,
   0,
   0,
   0,
   0,
   0,
   0
  ],
  "edges": [
   0.0,
   0.025,
   0.05,
   0.07500000000000001,
   0.1,
   0.125,
   0.15000000000000002,
   0.17500000000000002,
   0.2,
   0.225,
   0.25,
   0.275,
   0.30000000000000004,
   0.325,
   0.35000000000000003,
   0.375,
   0.4,
   0.42500000000000004,
   0.45,
   0.47500000000000003,
   0.5,
   0.525,
   0.55,
   0.5750000000000001,
   0.6000000000000001,
   0.625,
   0.65,
   0.675,
   0.7000000000000001,
   0.7250000000000001,
   0.75,
   0.775,
   0.8,
   0.8250000000000001,
   0.8500000000000001,
   0.875,
   0.9,
   0.925,
   0.9500000000000001,
   0.9750000000000001,
   1.0
  ],
  "mean": 0.2567677822358395
 },
 "engines": [
  [
   "PaddleOCR",
   0.49327047774512145,
   0.023861753679010493
  ],
  [
   "VietOCR (base)",
   0.4453252223747142,
   0.1939618029689743
  ],
  [
   "VietOCR-FT (ours)",
   0.40647106748174244,
   0.23216209833051377
  ]
 ],
 "engines_n": 2980,
 "gt_diac_ref": 0.2567677822358395,
 "cer_bands": [
  0.2268886043533931,
  0.260179257362356,
  0.23482714468629962,
  0.2781049935979513
 ],
 "f1_oracle": 0.6904460129966385,
 "f1_real": 0.5764954107572955,
 "progression": [
  [
   "v8 classifier",
   0.6232
  ],
  [
   "v10 calibrated\n(ours)",
   0.6685
  ],
  [
   "our OCR +\nteammate product",
   0.6959
  ]
 ],
 "rival": 0.6495,
 "experiments": [
  [
   "prep+beam OCR",
   0.0024
  ],
  [
   "highlands-first reorder",
   0.0005
  ],
  [
   "friend canonicalizer",
   -0.0025
  ],
  [
   "aggressive multi-scale detect",
   -0.0164
  ],
  [
   "friend evidence_override",
   -0.0226
  ],
  [
   "friend full head",
   -0.0342
  ],
  [
   "diacritic restoration",
   -0.044
  ],
  [
   "news-context abstention",
   -0.0599
  ]
 ],
 "phase_shift": [
  [
   "Phase 1 (public test)",
   0.4386839481555334
  ],
  [
   "Phase 2 (private test)",
   0.284
  ]
 ]
}